0,1,2,3,4,5,6,7,maxval
32.75,5.08,39,44.48,32.68,5.08,39.13,44.48,44.48
56.2,10.09,73.29,73.45,42.79,4.57,50.26,11.33,73.45
71.96,13.31,110.19,104.86,59.58,5.64,71.21,14.19,110.19
70.17,16.22,88.21,74.33,50.9,5.24,69.61,13.97,88.21
79.91,16.72,96.05,75.92,51.76,5.22,72.1,14.06,96.05
93.29,17.17,108.87,77.67,51.81,5.25,73.86,13.85,108.87
117.3,14.16,118.78,63.94,46.08,4.72,74.62,14.07,118.78
119.09,17.43,123.21,77.85,52.44,5.26,74.5,13.92,123.21
19.48,15.47,38,54.97,19.47,15.47,37.98,54.95,54.97
43.21,30.18,72.49,92.47,36.97,14.93,28.7,11.73,92.47
82.69,44.86,131.67,124.52,55.49,18.93,40.7,14.67,131.67
100.46,48.39,125.4,128.01,82.4,16.03,42.14,14.41,128.01
137.6,50.16,140.36,134.64,95.99,15.99,43.17,14.53,140.36
181.15,50.37,174.99,116.88,101.5,16.11,45.14,14.58,181.15
219.71,42.57,212.62,97.24,91.74,15.42,46,14.64,219.71
247.71,50.91,225.01,119.04,109.12,16.13,46.51,14.59,247.71
38.57,11.01,25.61,45.92,38.61,11.42,26.42,46.99,46.99
67.38,22.94,56.4,79.55,45.77,10.4,29.37,13,79.55
104.89,43.47,102.08,123.02,53.78,11.46,33.81,13.08,123.02
134.37,44.68,131.94,129.06,54.69,11.51,37.42,13.07,134.37
165.04,45.42,142.42,126.24,55.97,11.6,39.34,13.1,165.04
208.13,45.55,176.86,106.87,57.34,11.65,39.93,13.13,208.13
265.2,38.46,245.36,92.56,57.04,11.65,41.07,13.09,265.2
290.66,45.5,252.03,106.01,57.9,11.65,40.56,13.14,290.66
35.2,10.97,23.95,43.4,35.12,10.96,23.91,43.45,43.45
56.63,21.66,48,71.57,43.65,11.63,28.84,12.82,71.57
98.88,42.82,96.82,115.65,56.04,11.96,31.49,12.92,115.65
131.93,44.68,130.18,129.4,58.48,11.93,34.72,12.91,131.93
167.12,45.67,142.69,127.37,58.74,11.94,37.25,12.96,167.12
209.18,45.33,176.96,107.66,60,12.05,38.07,13,209.18
264.85,38.23,238.63,94.68,60.14,11.96,38.94,12.95,264.85
271.47,45.14,244.33,108.75,60.65,12.05,38.7,12.99,271.47
25.12,99.72,2.5,67.48,25.16,99.76,2.5,67.5,99.76
86.27,189.34,5.29,129.02,24.25,101.26,2.45,14.03,189.34
207.43,340.12,18.15,215.5,24.46,101.7,2.41,14.03,340.12
353.17,386.83,114.76,210.72,24.82,101.88,2.39,13.94,386.83
553.11,333.7,199.17,192.09,25.06,101.99,2.38,13.94,553.11
661.44,240.59,285.82,156.06,25.17,102.04,2.37,13.94,661.44
1237.24,240.87,597.81,157.86,25.18,102.09,2.36,14.04,1237.24
1408.78,239.53,601.21,155.5,25.26,102.08,2.36,13.94,1408.78
34.58,45.62,4.2,58.35,34.86,51.34,4.2,58.34,58.35
104.93,98.23,8.3,108.07,32.15,52.64,4.13,13.64,108.07
214.57,167.48,85.41,173.29,31.75,52.87,4.08,13.67,214.57
362.13,164.98,152.45,175.71,31.61,53.24,4.02,13.67,362.13
466.99,156.26,216.43,164.24,31.54,53.49,4.01,13.68,466.99
552.92,139.88,276.88,135.95,31.49,53.6,4,13.69,552.92
866.56,142.91,460.87,138.32,31.5,53.66,3.99,13.6,866.56
977.87,138.88,501.88,133.48,31.46,53.45,3.99,13.6,977.87
35.43,54.43,4.06,63.13,35.36,54.54,4.06,63.13,63.13
126.6,104.74,8.59,116.12,30.99,53.25,4.01,13.82,126.6
244.3,172.65,87.71,179.6,30.88,53.51,3.98,13.83,244.3
377.16,165.58,157.07,173.34,30.83,53.59,3.97,13.83,377.16
471.56,158.44,223.68,159.65,30.81,53.69,3.97,13.83,471.56
560.01,141.34,278.9,135.77,30.8,53.5,3.97,13.83,560.01
882.63,142.48,521.43,136.45,30.81,53.82,3.96,13.74,882.63
1030.97,141.26,525.21,135,30.8,53.49,3.96,13.74,1030.97
24.19,77.26,3.92,63.79,27.97,81.45,3.89,63.91,81.45
52.54,156.61,7.69,119.1,33.07,83.79,4.12,13.92,156.61
105.31,287.72,25.48,199.31,41.94,84.92,4.04,13.94,287.72
193.75,309.88,128.66,206.03,45.45,85.6,3.8,13.96,309.88
334.71,272.34,202.32,187.22,47.17,86.07,3.73,13.97,334.71
528.1,213.44,270.49,158.03,47.98,86.26,3.69,13.97,528.1
955.31,214.85,503.34,160.1,48.24,86.17,3.68,13.89,955.31
1186,210.97,588.68,158.69,48.54,86.23,3.67,13.89,1186
22.61,45.9,4.28,54.26,22.59,45.94,4.28,54.37,54.37
44.06,92.92,8.63,106.75,36.06,54.55,5.11,13.65,106.75
106.61,158.84,54.63,175.45,48.74,55.38,4.98,13.63,175.45
193.9,157.91,137.35,177.43,54.32,55.84,4.66,13.66,193.9
333.53,153.02,200.44,165.35,59.42,56.24,4.56,13.67,333.53
481.12,142.68,277.36,146.98,62.88,56.65,4.51,13.68,481.12
801.84,120.58,461.05,126.81,62.5,56.7,4.48,13.76,801.84
843.66,142.75,546.34,147.99,64.95,56.75,4.47,13.67,843.66
26.14,84.13,2.93,64.93,28.07,84.22,2.93,64.98,84.22
50.5,163.06,6.36,121.51,32.52,86.3,3.07,13.94,163.06
102.56,302.42,22.1,200.26,40.92,87.35,3.11,13.87,302.42
193.49,341.93,114.87,207.74,43.76,87.89,2.95,13.88,341.93
339.95,294.51,194.78,190.63,44.79,88.26,2.91,13.89,339.95
530.79,223.45,266.73,158.97,45.45,88.4,2.87,13.89,530.79
964.6,225.69,530.72,160.84,45.7,88.47,2.87,13.91,964.6
1199.67,223.13,604.36,159.22,45.86,88.49,2.86,13.9,1199.67
25.15,47.95,4.25,54.49,25.15,47.89,4.25,54.61,54.61
45.46,96.52,8.67,108.07,43.03,57.04,4.91,13.67,108.07
108.63,166.69,39.43,176.93,49.1,57.89,4.74,13.65,176.93
201.67,164.99,139.83,179.21,55.24,58.33,4.55,13.68,201.67
341.76,158,220.5,165.28,59.74,58.67,4.45,13.7,341.76
491.77,146.47,292.51,147.51,63.18,59.01,4.42,13.7,491.77
821.54,123.72,465.2,127.39,63.49,59.08,4.39,13.79,821.54
866.59,146.21,537.39,148.16,65.06,59.11,4.38,13.69,866.59
24.23,77.6,3.2,64.36,28.39,81.44,3.2,64.4,81.44
53.14,157.32,6.82,119.63,31.74,83.9,3.35,13.92,157.32
105.69,290.69,21.63,195.75,42.86,85,3.42,13.94,290.69
196.49,318.85,108.04,206.48,45.35,85.66,3.32,13.96,318.85
346.71,279.51,183.87,188.88,46.86,86.14,3.29,13.97,346.71
542.77,215.91,267.36,158.47,47.68,86.27,3.28,13.97,542.77
979.66,217.16,511.59,163.63,47.89,86.21,3.27,13.9,979.66
1208.4,214.38,593.85,159.03,48.14,86.28,3.27,13.89,1208.4
25.56,45.05,4.3,53.98,25.55,45.05,4.3,54.13,54.13
46.23,90.23,8.44,107.77,39.61,53.81,5.14,13.66,107.77
104.41,159.68,53.99,173.37,48.46,54.7,4.96,13.72,173.37
205.43,157.39,135.63,178.86,54.79,55.25,4.7,13.75,205.43
343.63,150.85,199.39,164.83,59.73,55.59,4.58,13.75,343.63
497.01,142.59,278.08,147.13,63.55,55.98,4.54,13.77,497.01
815.49,119.63,458.65,126.86,62.67,55.9,4.51,13.76,815.49
848.94,142.14,513.6,148.28,65.63,55.92,4.5,13.67,848.94
73.31,13.45,49.75,52.94,73.14,13.44,49.62,52.94,73.31
128.01,26.52,87.56,87.32,92.26,12.91,42.41,11.65,128.01
194.51,37.7,148.44,122.68,112.05,13.3,47.86,11.91,194.51
300.08,48.32,190.51,142.22,157.78,16.45,59.12,14.58,300.08
218.99,44.07,173.66,132.5,158.54,14.57,60.04,14.46,218.99
214.95,44.92,169.99,111.43,160.18,14.66,61.22,14.54,214.95
217.14,38.08,167.72,92.81,142.01,12.42,50.94,14.56,217.14
221.95,45.78,166.4,113.74,165.38,14.69,61.64,14.53,221.95
73.39,13.45,49.8,52.9,73.46,13.44,49.84,52.91,73.46
126.39,26.52,87.76,87.54,92.48,12.91,42.5,11.64,126.39
194.45,37.71,148.28,122.75,112.2,13.31,47.9,11.91,194.45
305.38,48.7,191.69,143.21,158.03,16.38,59.08,14.55,305.38
219.83,44.46,173.3,132.01,158.65,14.59,60.52,14.51,219.83
214.35,45.16,170.73,111.27,162.94,14.74,61.64,14.6,214.35
217.17,38.08,167.83,92.83,141.84,12.7,61.53,14.6,217.17
221.81,45.86,166.71,112.91,168.6,14.71,61.78,14.58,221.81
93.1529,26.6478,70.445,76.585,93.0196,26.6277,70.2974,76.6754,93.1529
179.615,52.2885,138.034,137.03,146.939,31.8573,106.854,19.5551,179.615
290.271,78.6699,220.971,214.06,194.819,33.6938,110.205,20.1802,290.271
528.624,99.382,405.074,270.497,272.338,39.9176,138.165,23.2393,528.624
696.835,105.564,502.818,268.681,308.795,39.8487,140.018,23.0856,696.835
567.847,104.163,482.64,299.894,322.733,35.5626,145.582,23.4232,567.847
504.647713,94.9641,365.702183,286.198,304.636,34.0089,128.761,20.701,504.647713
523.667673,107.556,367.721914,300.918,353.253,38.332,139.876,22.5706,523.667673
93.1529,26.6151,70.141,76.7659,93.2865,26.626,70.2167,76.585,93.2865
179.391,52.2885,137.911,136.886,146.618,31.8495,107.295,19.5404,179.391
290.271,78.5274,221.724,214.413,195.257,33.6895,110.439,20.1787,290.271
529.161,99.3251,405.429,270.92,272.338,39.9145,138.416,23.2455,529.161
694.988,105.585,501.606,268.127,309.438,39.8869,140.055,23.0821,694.988
568.487,104.231,483.313,299.937,322.635,35.4433,144.521,23.3229,568.487
503.914376,94.9221,365.895107,286.988,304.19,34.0144,131.107,20.7092,503.914376
523.766513,108.281,367.640672,300.891,353.253,38.6094,138.711,22.5558,523.766513
70.5979,131.192,32.2432,99.706,70.5979,131.458,32.2593,99.4001,131.458
110.032,234.39,65.7624,180.025,76.6516,158.457,34.7501,19.6064,234.39
191.318,361.556,147.46,281.472,115.575,169.657,36.4453,19.8026,361.556
388.077,386.342,266.978,357.074,154.721,184.772,32.6,21.1285,388.077
616.86,384.908,517.436,358.928,205.376,185.932,26.4405,21.0192,616.86
918.461,378.792,721.602,359.425,237.831,183.969,23.9007,21.5227,918.461
1645.613504,390.121,1025.216269,365.603,247.643,176.636,22.7826,21.9202,1645.613504
1937.078121,384.053,1153.961023,348.64,256.589,180.538,22.3025,22.1026,1937.078121
29.6692,156.395,26.9916,122.301,29.7008,156.835,27.0309,122.123,156.835
59.7412,311.333,53.8961,221.438,60.7728,177.01,16.5359,19.9327,311.333
129.904,590.241,95.2762,400.445,106.049,189.338,16.6193,21.9325,590.241
254.905,783.072,221.953,433.264,141.204,193.055,12.9864,21.9754,783.072
507.008,794.232,430.683,416.209,159.814,195.553,11.6639,22.151,794.232
853.125,661.713,758.75,389.115,146.964,196.487,11.026,22.2417,853.125
1873.079674,683.918,1209.50588,388.001,143.275,197.179,10.7578,22.2503,1873.079674
2121.100954,659.348,1244.681368,379.194,141.681,197.512,10.6245,22.2532,2121.100954
75.1266,142.281,32.0246,101.334,74.965,141.991,32.0246,101.629,142.281
116.878,245.917,72.6224,182.986,82.0688,162.512,28.7554,19.6304,245.917
195.698,376.343,167.288,298.576,119.43,169.012,32.94,20.3644,376.343
377.361,395.841,308.826,356.839,156.624,180.791,28.1829,21.3546,395.841
597.472,401.252,572.334,358.791,207.03,185.758,23.5204,21.1493,597.472
868.078,385.979,721.526,354.909,241.838,180.178,21.5982,21.627,868.078
1627.546468,402.301,1057.205381,358.675,248.52,178.62,20.7662,21.9517,1627.546468
1956.981995,399.063,1178.064325,344.018,258.624,180.937,20.3962,22.104,1956.981995
32.5151,158.714,30.777,124.088,32.5377,158.446,30.7568,124.252,158.714
65.3025,324.025,57.8347,228.061,66.9856,184.997,14.8376,19.9503,324.025
139.906,606.07,105.675,401.339,102.352,195.993,15.3503,21.8622,606.07
282.558,861.827,279.812,435.046,143.983,200.053,12.0042,22.1167,861.827
487.7,846.477,503.36,424.559,155.508,202.201,10.5324,22.2129,846.477
837.011,702.896,762.217,388.25,133.377,203.673,9.95977,22.2607,837.011
1809.739277,710.149,1243.903173,393.015,124.93,204.058,9.70579,22.266,1809.739277
2070.175714,691.532,1275.546812,386.383,120.731,204.094,9.5903,22.2672,2070.175714
68.8827,132.914,35.4962,99.7863,68.9546,132.914,35.5153,99.7863,132.914
99.2615,234.666,75.1519,176.863,90.0593,157.846,33.9283,19.6019,234.666
158.414,362.461,148.113,278.434,91.6842,169.489,37.0179,19.7928,362.461
360.729,380.193,271.427,351.141,164.12,184.071,31.6032,21.1252,380.193
594.787,388.722,524.274,356.591,203.924,185.851,25.9097,21.1362,594.787
862.805,377.747,715.112,351.843,243.534,186.458,23.576,21.5398,862.805
1587.735886,395.264,1037.355762,354.379,253.477,181.596,22.5639,21.9027,1587.735886
1894.468745,392.148,1173.314044,343.859,256.569,182.687,22.1041,22.09,1894.468745
32.6415,152.213,36.297,120.99,33.161,153.524,37.1287,122.281,153.524
65.1504,315.502,75.25,227.888,65.6973,181.28,17.9837,20.677,315.502
138.693,581.279,124.632,392.737,101.299,191.048,19.2892,21.6757,581.279
268.282,776.445,327.164,439.693,142.909,194.937,14.8286,21.7972,776.445
473.166,768.541,565.776,421.568,162.68,196.895,12.8276,22.0706,768.541
807.464,645.849,752.103,380.455,152.494,197.829,12.0272,22.2291,807.464
1788.721098,663.717,1210.992951,388.531,148.665,197.901,11.6879,22.2606,1788.721098
2037.148534,644.026,1254.051859,382.235,147.571,198.123,11.5324,22.2635,2037.148534
79.866,130.705,16.4391,130.209,79.8322,129.229,16.3842,129.672,130.705
192.215,241.513,34.5682,232.659,79.1213,128.986,16.1976,21.4555,241.513
597.006,427.64,130.243,322.396,78.0945,130.265,15.8561,21.6204,597.006
928.065,430.996,412.29,307.748,78.7295,128.41,15.7876,21.853,928.065
1129.92,396.958,624.272,295.221,79.197,130.541,15.737,22.1253,1129.92
1245.2,374.342,781.49,276.028,79.4647,131.31,15.7039,22.2528,1245.2
2417.103022,370.361,1248.04335,274.72,79.5327,132.04,15.6799,22.335,2417.103022
2321.498568,373.088,1296.154509,283.012,79.5505,131.113,15.6609,22.3704,2321.498568
120.275,108.508,21.5717,113.193,120.652,108.508,21.5475,113.304,120.652
210.866,208.39,36.7337,194.509,121.223,114.656,20.5183,20.0041,210.866
487.711,377.249,148.4,299.984,112.257,126.093,20.1456,20.9802,487.711
771.53,408.116,377.557,321.964,108.329,126.943,18.6001,21.1805,771.53
1050.97,417.723,626.443,321.628,107.259,125.221,17.6087,21.2723,1050.97
1283.83,400.239,815.871,282.338,106.883,125.732,17.1068,21.733,1283.83
2323.050088,377.712,1258.331157,275.695,106.675,127.009,16.8743,21.8887,2323.050088
2405.450963,371.646,1233.803388,278.419,106.599,128.554,16.764,22.0328,2405.450963
36.0693,208.036,7.123,141.712,36.0812,208.08,7.11887,141.692,208.08
99.2471,388.818,14.6406,275.785,36.3913,209.612,6.97975,22.5268,388.818
309.84,768.811,61.9289,473.877,36.14,211.451,6.88548,22.5379,768.811
893.348,1032.56,305.563,441.877,36.8696,212.056,6.82208,22.5469,1032.56
1295.01,930.639,587.463,413.718,37.3089,212.044,6.80504,22.555,1295.01
1365.38,719.142,838.538,365.168,37.8326,212.057,6.79594,22.555,1365.38
2945.742523,715.915,1369.968479,368.501,38.1551,211.891,6.79003,22.5564,2945.742523
2918.073146,714.07,1375.103483,369.193,38.4434,211.445,6.79215,22.3796,2918.073146
79.5361,32.8016,89.2232,102.848,79.6879,32.8016,89.0329,103.102,103.102
128.481,66.6503,137.81,163.43,112.098,38.4321,65.81,19.5078,163.43
168.543,86.5867,194.442,200.271,132.141,37.5592,71.1051,19.75,200.271
224.951,91.8229,295.359,223.745,146.707,38.0946,75.3556,21.5087,295.359
362.508,102.912,416.523,239.721,164.76,40.4225,74.2419,21.4321,416.523
509.613,103.182,501.391,260.927,162.536,39.1299,75.3811,21.9086,509.613
755.72602,99.7653,443.590768,258.93,157.423,38.7823,76.2718,22.3721,755.72602
800.513003,100.785,468.034104,257.322,143.984,39.9903,76.669,22.5495,800.513003
92.2201,28.8367,66.5349,89.5415,91.5679,28.8367,66.672,89.4178,92.2201
130.128,56.4662,118.136,147.636,130.653,30.0271,70.5981,19.0604,147.636
198.584,94.9941,213.482,229.569,163.378,32.0567,68.4701,20.5928,229.569
275.483,99.0264,320.091,248.397,176.821,31.9204,67.7004,20.4432,320.091
390.138,102.172,419.869,239.329,184.802,30.8922,67.8023,20.7333,419.869
518.167,99.6168,504.907,257.25,187.597,30.3954,67.9246,21.1752,518.167
787.917167,97.4564,449.767944,262,171.478,31.244,67.8567,21.3505,787.917167
819.107321,101.408,472.604273,242.622,169.726,32.1982,67.825,21.4701,819.107321
21.5085,32.0498,66.973,84.813,21.461,31.997,66.973,84.4442,84.813
37.3863,64.3118,127.777,137.746,40.4207,39.7181,94.9739,19.7983,137.746
74.7006,86.4168,218.227,189.485,71.6025,43.5231,86.3207,20.348,218.227
136.896,100.96,337.044,217.615,118.79,45.6992,91.614,20.5471,337.044
148.332,110.197,341.114,238.126,169.533,44.6615,110.08,22.7826,341.114
243.252,116.213,454.652,258.102,242.967,45.05,111.202,22.8496,454.652
388.990356,117.855,404.793226,267.258,277.15,44.3018,107.472,22.837,404.793226
513.352466,120.993,428.516353,267.632,290.595,42.2078,109.735,23.0176,513.352466
44.3261,8.65074,61.1048,63.9693,44.3935,8.6493,61.0307,63.9717,63.9717
83.5033,17.2928,102.85,115.292,64.9238,11.5703,78.6955,18.6798,115.292
149.26,23.8034,192.545,166.205,108.038,13.4994,111.1,22.0923,192.545
232.911,33.7404,294.272,130.418,132.503,13.0574,120.334,21.9813,294.272
210.608,34.7448,224.843,122.661,146.106,12.4269,129.363,22.0227,224.843
249.82,35.8742,250.648,146.475,156.753,12.4967,138.47,21.979,250.648
349.80283,32.5573,219.528467,141.692,150.412,11.5629,128.741,19.9454,349.80283
365.245582,36.6696,239.522986,141.874,165.296,12.4108,141.944,21.7931,365.245582
91.0256,27.2441,71.4243,86.9515,91.4135,27.2867,71.5791,86.9624,91.4135
175.052,52.3154,138.099,156.059,148.709,37.1222,109.725,10.7621,175.052
297.121,89.3055,248.883,221.724,210.264,39.5821,110.422,10.9804,297.121
454.641,103.458,370.233,209.333,255.139,41.113,109.431,11.1011,454.641
589.673,112.692,437.81,208.555,293.731,41.9014,110.281,11.1191,589.673
421.515,96.7927,359.661,241.061,314.399,36.5978,110.074,11.0856,421.515
473.631324,98.7032,312.200842,251.896,332.799,37.7055,114.966,11.1129,473.631324
482.668344,99.9262,333.265945,253.523,343.911,37.3843,114.719,11.101,482.668344
78.4416,23.5871,62.3588,75.014,78.4712,23.5766,62.3812,75.163,78.4712
151.404,45.2707,119.875,134.937,129.358,32.1258,95.2815,9.37058,151.404
262.785,81.9304,236.385,209.617,200.338,37.6492,105.501,10.5025,262.785
431.662,98.2215,351.486,199.402,243.737,39.1625,104.469,10.8272,431.662
586.588,112.548,436.925,208.25,293.175,41.8979,110.107,11.1107,586.588
421.243,96.7559,359.442,240.256,311.7,37.0485,111.48,11.0767,421.243
473.361977,98.7125,312.341436,250.32,332.799,37.7027,114.979,11.1076,473.361977
482.528423,99.9166,333.452867,252.63,344.196,37.8179,116.154,11.1162,482.528423
42.4698,123.446,26.485,89.8875,42.4976,123.446,26.485,90.1375,123.446
85.1069,223.479,54.7372,165.329,55.8697,146.461,21.3152,9.28095,223.479
155.791,305.342,113.65,282.7,80.9858,154.399,20.459,9.37527,305.342
292.426,304.267,180.087,360.3,96.4059,170.27,17.6267,10.2586,360.3
518.73,326.39,389.828,376.522,131.192,179.744,17.7407,10.6941,518.73
791.861,325.009,583.864,371.132,153.292,182.111,16.9601,10.7113,791.861
990.393662,331.45,1027.311191,380.634,166.524,183.888,16.4377,10.7082,1027.311191
1238.972088,334.916,1140.319285,384.569,171.459,181.728,16.1658,10.7069,1238.972088
18.8082,142.286,23.2364,117.323,18.8166,142.528,23.2299,117.077,142.528
47.4892,257.804,46.0757,214.478,40.8867,161.61,13.3391,9.44526,257.804
109.918,430.614,85.8905,387.004,74.1647,175.523,14.3575,10.3393,430.614
218.687,573.045,158.828,473.95,100.141,183.042,13.1438,10.7811,573.045
439.963,645.661,344.447,454.618,99.1171,186.357,12.0144,10.7885,645.661
823.069,562.678,629.257,418.324,96.4337,188.087,10.602,10.7886,823.069
1066.948529,562.294,1268.774702,434.443,88.4201,189.017,9.88774,10.7899,1268.774702
1383.644235,568.599,1341.006874,438.889,84.7943,189.404,9.56763,10.7897,1383.644235
40.183,126.759,26.5793,92.4635,40.2526,127.222,26.5692,92.4635,127.222
73.6582,208.735,57.594,169.012,57.737,145.852,17.8557,9.31305,208.735
140.915,291.096,121.459,288.984,86.3909,153.394,18.152,9.40159,291.096
287.643,314.574,215.76,368.632,98.2282,174.512,15.8273,10.412,368.632
514.995,341.543,438.475,380.45,130.131,186.941,15.8188,10.7289,514.995
770.625,337.309,603.451,374.825,151.508,190.031,15.0393,10.7426,770.625
1008.229277,343.674,1066.679104,384.615,164.732,192.357,14.4916,10.7402,1066.679104
1261.498165,346.49,1184.160974,386.648,168.282,190.079,14.1996,10.7422,1261.498165
21.0394,142.3,26.2079,119.187,21.0536,142.625,26.2042,119.187,142.625
50.9389,264.3,51.2669,217.713,44.4793,162.717,12.0504,9.46004,264.3
110.17,426.251,91.5704,401.124,78.4095,178.767,13.0223,10.7733,426.251
223.099,593.104,172.963,479.96,99.3954,185.271,12.1162,10.7841,593.104
442.374,686.537,384.042,459.694,91.3748,189.086,11.3563,10.7923,686.537
786.443,589.02,629.055,413.192,89.5304,191.083,10.0967,10.7943,786.443
1033.723939,588.383,1289.886333,438.969,80.6978,191.892,9.42966,10.7951,1289.886333
1365.519776,595.848,1361.483468,443.102,76.0503,192.426,9.11367,10.7953,1365.519776
42.3181,122.331,27.6859,90.1207,42.291,122.331,27.6511,89.9979,122.331
77.2162,221.673,60.8834,165.353,61.1087,147.288,20.7242,9.28962,221.673
136.626,287.211,115.74,282.603,84.609,153.179,20.1721,9.38264,287.211
283.817,300.779,186.146,362.71,100.032,169.925,16.7189,10.2663,362.71
496.68,328.343,396.004,378.559,132.814,181.417,17.0948,10.7046,496.68
755.224,327.022,587.676,372.357,152.582,184.039,16.4086,10.7185,755.224
954.828883,333.866,1043.43644,381.049,165.768,185.81,15.8661,10.7183,1043.43644
1189.196957,336.323,1159.199011,380.398,173.006,186.458,15.5926,10.7198,1189.196957
21.1263,137.475,28.0821,116.256,21.0625,137.711,28.1165,116.256,137.711
51.462,252.451,60.0872,215.058,43.4954,159.002,14.0601,9.43917,252.451
110.643,412.689,109.045,385.656,72.9655,173.864,14.9351,10.3373,412.689
230.176,544.302,198.925,477.657,95.6381,182.181,13.7509,10.775,544.302
428.535,626.844,408.096,460.601,96.4539,185.633,12.5466,10.7848,626.844
775.506,552.384,635.063,419.535,97.2966,187.586,10.9877,10.7859,775.506
1022.298137,552.681,1288.698574,435.312,89.4742,188.575,10.1493,10.7863,1288.698574
1326.834225,558.012,1340.562887,437.417,85.2906,189.038,9.77195,10.7859,1340.562887
26.8262,115.229,8.18197,119.42,26.1917,120.834,8.16852,121.926,121.926
119.647,229.408,16.2073,210.718,27.9006,126.863,8.23515,10.546,229.408
449.665,356.653,40.2608,358.175,28.1192,128.766,8.24346,10.5637,449.665
702.034,365.543,257.137,399.161,28.1192,129.756,8.22564,10.5624,702.034
889.663,367.634,513.052,393.75,28.5189,129.486,8.19651,10.5653,889.663
1067.63,355.928,687.182,351.701,28.5361,130.272,8.18589,10.5629,1067.63
1404.372826,353.212,1207.238452,351.553,28.4653,130.39,8.1773,10.5652,1404.372826
1558.834015,352.973,1205.913094,349.99,28.4448,130.443,8.17259,10.5684,1558.834015
73.9857,104.478,11.7386,100.737,74.2238,104.289,11.71,101.002,104.478
137.971,195.002,20.107,174.631,45.7895,111.713,10.472,9.25749,195.002
339.746,301.75,38.352,287.461,47.7515,116.745,10.8848,9.4643,339.746
594.555,347.945,243.727,383.043,46.5002,128.124,10.7535,10.5848,594.555
824.989,361.084,494.375,389.264,46.3763,129.373,10.6739,10.5956,824.989
1035.63,350.123,668.659,351.892,46.0793,129.386,10.336,10.5993,1035.63
1360.298504,351.507,1144.407371,352.666,46.0012,130.141,10.2032,10.6021,1360.298504
1540.926257,352.944,1186.054049,350.897,45.9477,130.632,10.0529,10.6029,1540.926257
21.3153,199.746,6.79541,136.692,21.3188,199.748,6.80824,136.684,199.748
91.372,364.903,14.7404,259.68,20.7929,203.376,6.85995,10.7116,364.903
326.836,643.111,27.206,474.728,20.144,205.586,6.37294,10.7244,643.111
680.227,807.627,191.113,521.69,20.2525,206.396,6.20911,10.7253,807.627
1071.36,786.481,455.012,497.7,20.3896,207.195,6.13308,10.7271,1071.36
1372.74,629.75,700.48,406.865,20.4984,207.398,6.14147,10.7304,1372.74
1909.078308,645.214,1412.100579,424.724,20.3853,207.402,6.08346,10.7397,1909.078308
2244.514234,645.714,1423.825267,423.108,20.4031,207.556,6.08379,10.7366,2244.514234
62.0452,32.4448,67.5671,92.1776,62.1376,32.47,67.6766,92.1776,92.1776
104.522,66.9174,104.784,145.747,75.783,34.0869,52.9232,9.36558,145.747
140.358,80.9233,162.004,176.56,96.1023,33.4319,53.8793,9.42637,176.56
196.155,92.1267,239.807,201.236,125.82,37.0345,64.8392,10.8434,239.807
269.396,97.0939,305.628,206.205,138.066,37.1726,67.5807,10.8771,305.628
364.884,99.8361,377.353,248.135,144.128,37.4204,68.9904,10.8913,377.353
446.985152,100.293,386.549868,254.201,147.566,37.5777,69.3449,10.8779,446.985152
499.679824,100.618,387.271072,253.79,145.521,37.1344,69.1582,10.8862,499.679824
69.6113,27.0081,35.5315,80.7213,69.7613,27.0307,35.4731,80.6208,80.7213
108.44,51.2172,90.165,128.705,86.5488,26.6798,34.7682,9.17626,128.705
159.947,78.0687,166.959,194.702,98.163,27.0448,31.688,9.22069,194.702
227.053,93.2663,252.146,211.997,114.734,30.062,32.3773,10.495,252.146
291.697,97.4152,303.58,207.703,120.262,30.167,32.2724,10.5153,303.58
384.633,99.9002,383.92,250.409,122.727,30.245,32.0299,10.5247,384.633
499.775331,100.596,379.089859,253.768,124.756,30.2276,31.9,10.5255,499.775331
550.060592,100.938,393.196833,253.667,122.96,29.9363,31.8158,10.5278,550.060592
13.2653,34.0988,73.4558,95.1666,13.2679,34.0665,73.4319,95.4589,95.4589
35.9438,66.4974,128.031,168.602,23.5875,41.3344,95.936,10.8001,168.602
67.5233,109.365,246.356,233.228,49.5503,45.4147,81.4867,11.0042,246.356
128.348,120.196,388.975,224.706,84.7942,47.7593,72.9664,11.0919,388.975
126.687,100.882,268.737,216.985,114.065,40.3006,71.2618,11.0674,268.737
193.495,106.701,351.727,250.192,164.033,40.956,75.712,11.0952,351.727
172.408023,108.989,332.869727,266.971,203.44,41.1855,78.3843,11.1032,332.869727
272.226173,110.613,368.233674,269.752,229.742,40.8243,79.6194,11.0974,368.233674
34.0068,10.8264,59.2025,64.8327,34.0131,10.8406,59.1308,64.8478,64.8478
74.3647,23.2299,103.745,115.42,56.9449,13.5091,76.9023,10.739,115.42
133.124,28.9285,171.085,134.391,89.0559,13.9558,94.573,10.992,171.085
151.605,34.3462,227.363,101.937,105.102,13.4593,107.441,11.1116,227.363
140.76,33.6044,181.303,94.536,105.014,12.8675,113.099,11.1741,181.303
175.781,36.6764,208.021,114.709,112.547,12.914,119.284,11.2084,208.021
267.98613,33.2823,226.329419,112.195,106.392,11.8139,117.859,10.7974,267.98613
297.418703,38.1414,232.024566,115.468,118.701,13.0625,125.117,11.2196,297.418703
